                  epoch,         train/box_loss,         train/cls_loss,         train/dfl_loss,   metrics/precision(B),      metrics/recall(B),       metrics/mAP50(B),    metrics/mAP50-95(B),           val/box_loss,           val/cls_loss,           val/dfl_loss,                 lr/pg0,                 lr/pg1,                 lr/pg2
                      1,                 2.2624,                 4.6449,                 1.7208,                0.52145,                0.08605,                0.05358,                0.01983,                 2.1169,                 3.5902,                 1.5693,             0.00023681,             0.00023681,             0.00023681
                      2,                 2.1618,                   3.73,                 1.6523,                0.64122,                0.09635,                0.07152,                0.02899,                  2.124,                 3.1258,                 1.6262,              0.0004278,              0.0004278,              0.0004278
                      3,                 2.1154,                 3.3161,                 1.6462,                0.37261,                 0.1398,                0.09861,                0.03846,                 2.0726,                 2.8714,                 1.6093,             0.00057167,             0.00057167,             0.00057167
                      4,                 2.0578,                 2.9953,                 1.5969,                0.24244,                0.17225,                0.10776,                0.04249,                 2.1018,                 2.7261,                 1.5417,             0.00050194,             0.00050194,             0.00050194
