                  epoch,         train/box_loss,         train/cls_loss,         train/dfl_loss,   metrics/precision(B),      metrics/recall(B),       metrics/mAP50(B),    metrics/mAP50-95(B),           val/box_loss,           val/cls_loss,           val/dfl_loss,                 lr/pg0,                 lr/pg1,                 lr/pg2
                      1,                 1.7726,                 4.5559,                  1.362,                0.00087,                0.15301,                0.01066,                0.00585,                 1.7621,                 4.9606,                 1.3361,               0.000275,               0.000275,               0.000275
                      2,                  1.719,                 3.7553,                 1.3133,                0.00239,                0.31311,                0.07767,                0.03608,                 1.7729,                 4.5049,                 1.3202,             0.00045113,             0.00045113,             0.00045113
                      3,                   1.68,                 3.3676,                 1.2948,                 0.0031,                0.48829,                0.08287,                0.04489,                 1.8053,                 4.3447,                  1.352,              0.0005134,              0.0005134,              0.0005134
                      4,                 1.6232,                 3.1883,                 1.2764,                0.38921,                0.06759,                0.12699,                0.06528,                 1.7288,                 4.0192,                 1.3294,             0.00046183,             0.00046183,             0.00046183
                      5,                 1.5974,                 3.1938,                   1.27,                0.29511,                0.12105,                0.15533,                0.08297,                 1.6383,                 3.6014,                 1.2509,                0.00026,                0.00026,                0.00026
