                  epoch,         train/box_loss,         train/cls_loss,         train/dfl_loss,   metrics/precision(B),      metrics/recall(B),       metrics/mAP50(B),    metrics/mAP50-95(B),           val/box_loss,           val/cls_loss,           val/dfl_loss,                 lr/pg0,                 lr/pg1,                 lr/pg2
                      1,                 2.6201,                 5.3346,                 2.2585,                0.00362,                0.17939,                0.01947,                0.00748,                   2.07,                 5.6768,                 1.7345,             0.00018326,             0.00018326,             0.00018326
                      2,                 2.4327,                 4.7655,                  2.078,                0.00531,                0.27798,                0.03777,                0.01337,                 2.1827,                 5.2681,                 1.6836,             0.00033774,             0.00033774,             0.00033774
                      3,                 2.3877,                 4.5258,                 1.9148,                0.00359,                0.44202,                0.05869,                 0.0186,                  2.154,                 5.0729,                  1.942,             0.00045428,             0.00045428,             0.00045428
